experiment_id,code_family,boundary_variant,schedule_variant,distance,eta,B_frag,log_p_l,logical_error_rate
exp_boundary_fragility_interaction,standard_surface,bias_preserving_reference,reference,3,1,0.1,-6.65061228866811,0.0012932300329076601
exp_boundary_fragility_interaction,standard_surface,bias_preserving_reference,reference,3,5,0.1,-7.004688629403612,0.000907616496374372
exp_boundary_fragility_interaction,standard_surface,bias_preserving_reference,reference,3,20,0.1,-7.309673388849988,0.0006690355308551684
exp_boundary_fragility_interaction,standard_surface,bias_preserving_reference,reference,3,50,0.1,-7.511257349862301,0.0005468930203696005
exp_boundary_fragility_interaction,standard_surface,bias_preserving_reference,reference,5,1,0.1,-7.1614379124341,0.000775938019744596
exp_boundary_fragility_interaction,standard_surface,bias_preserving_reference,reference,5,5,0.1,-7.515514253169602,0.0005445698978246232
exp_boundary_fragility_interaction,standard_surface,bias_preserving_reference,reference,5,20,0.1,-7.820499012615978,0.00040142131851310104
exp_boundary_fragility_interaction,standard_surface,bias_preserving_reference,reference,5,50,0.1,-8.022082973628292,0.00032813581222176035
exp_boundary_fragility_interaction,standard_surface,bias_preserving_reference,reference,7,1,0.1,-7.497910149055313,0.0005542414426747115
exp_boundary_fragility_interaction,standard_surface,bias_preserving_reference,reference,7,5,0.1,-7.851986489790815,0.0003889784984461594
exp_boundary_fragility_interaction,standard_surface,bias_preserving_reference,reference,7,20,0.1,-8.156971249237191,0.0002867295132236436
exp_boundary_fragility_interaction,standard_surface,bias_preserving_reference,reference,7,50,0.1,-8.358555210249504,0.0002343827230155431
exp_boundary_fragility_interaction,standard_surface,bias_preserving_reference,reference,9,1,0.1,-7.749224577336219,0.0004310766776358867
exp_boundary_fragility_interaction,standard_surface,bias_preserving_reference,reference,9,5,0.1,-8.10330091807172,0.00030253883212479066
exp_boundary_fragility_interaction,standard_surface,bias_preserving_reference,reference,9,20,0.1,-8.408285677518098,0.00022301184361838946
exp_boundary_fragility_interaction,standard_surface,bias_preserving_reference,reference,9,50,0.1,-8.60986963853041,0.00018229767345653353
exp_boundary_fragility_interaction,standard_surface,bias_preserving_reference,time_order_shift,3,1,0.16,-6.621812288668109,0.001331016572252472
exp_boundary_fragility_interaction,standard_surface,bias_preserving_reference,time_order_shift,3,5,0.16,-6.975888629403611,0.0009341358978555927
exp_boundary_fragility_interaction,standard_surface,bias_preserving_reference,time_order_shift,3,20,0.16,-7.2808733888499875,0.0006885838994875422
exp_boundary_fragility_interaction,standard_surface,bias_preserving_reference,time_order_shift,3,50,0.16,-7.482457349862301,0.0005628725399490646
exp_boundary_fragility_interaction,standard_surface,bias_preserving_reference,time_order_shift,5,1,0.16,-7.1326379124341,0.0007986099433514831
exp_boundary_fragility_interaction,standard_surface,bias_preserving_reference,time_order_shift,5,5,0.16,-7.486714253169602,0.0005604815387133557
exp_boundary_fragility_interaction,standard_surface,bias_preserving_reference,time_order_shift,5,20,0.16,-7.791699012615978,0.0004131503396925253
exp_boundary_fragility_interaction,standard_surface,bias_preserving_reference,time_order_shift,5,50,0.16,-7.9932829736282915,0.00033772352396943875
exp_boundary_fragility_interaction,standard_surface,bias_preserving_reference,time_order_shift,7,1,0.16,-7.469110149055313,0.0005704356738224879
exp_boundary_fragility_interaction,standard_surface,bias_preserving_reference,time_order_shift,7,5,0.16,-7.823186489790815,0.00040034395622382543
exp_boundary_fragility_interaction,standard_surface,bias_preserving_reference,time_order_shift,7,20,0.16,-8.128171249237191,0.00029510738549466095
exp_boundary_fragility_interaction,standard_surface,bias_preserving_reference,time_order_shift,7,50,0.16,-8.329755210249504,0.0002412310885495991
exp_boundary_fragility_interaction,standard_surface,bias_preserving_reference,time_order_shift,9,1,0.16,-7.720424577336218,0.000443672190750824
exp_boundary_fragility_interaction,standard_surface,bias_preserving_reference,time_order_shift,9,5,0.16,-8.07450091807172,0.00031137863261853087
exp_boundary_fragility_interaction,standard_surface,bias_preserving_reference,time_order_shift,9,20,0.16,-8.379485677518097,0.0002295279664958474
exp_boundary_fragility_interaction,standard_surface,bias_preserving_reference,time_order_shift,9,50,0.16,-8.58106963853041,0.00018762417998302155
exp_boundary_fragility_interaction,standard_surface,bias_preserving_reference,reset_heavy,3,1,0.22,-6.59301228866811,0.0013699071862934497
exp_boundary_fragility_interaction,standard_surface,bias_preserving_reference,reset_heavy,3,5,0.22,-6.947088629403612,0.0009614301625722556
exp_boundary_fragility_interaction,standard_surface,bias_preserving_reference,reset_heavy,3,20,0.22,-7.252073388849988,0.0007087034466277275
exp_boundary_fragility_interaction,standard_surface,bias_preserving_reference,reset_heavy,3,50,0.22,-7.4536573498623016,0.000579318960798941
exp_boundary_fragility_interaction,standard_surface,bias_preserving_reference,reset_heavy,5,1,0.22,-7.1038379124341,0.0008219443117760698
exp_boundary_fragility_interaction,standard_surface,bias_preserving_reference,reset_heavy,5,5,0.22,-7.457914253169602,0.0005768580975433534
exp_boundary_fragility_interaction,standard_surface,bias_preserving_reference,reset_heavy,5,20,0.22,-7.7628990126159785,0.0004252220679766365
exp_boundary_fragility_interaction,standard_surface,bias_preserving_reference,reset_heavy,5,50,0.22,-7.964482973628292,0.00034759137647936457
exp_boundary_fragility_interaction,standard_surface,bias_preserving_reference,reset_heavy,7,1,0.22,-7.440310149055313,0.0005871030798400499
exp_boundary_fragility_interaction,standard_surface,bias_preserving_reference,reset_heavy,7,5,0.22,-7.794386489790815,0.0004120414982452524
exp_boundary_fragility_interaction,standard_surface,bias_preserving_reference,reset_heavy,7,20,0.22,-8.09937124923719,0.00030373004855474035
exp_boundary_fragility_interaction,standard_surface,bias_preserving_reference,reset_heavy,7,50,0.22,-8.300955210249505,0.00024827955462811753
exp_boundary_fragility_interaction,standard_surface,bias_preserving_reference,reset_heavy,9,1,0.22,-7.691624577336219,0.00045663572876448327
exp_boundary_fragility_interaction,standard_surface,bias_preserving_reference,reset_heavy,9,5,0.22,-8.045700918071722,0.0003204767208574185
exp_boundary_fragility_interaction,standard_surface,bias_preserving_reference,reset_heavy,9,20,0.22,-8.350685677518097,0.0002362344822092425
exp_boundary_fragility_interaction,standard_surface,bias_preserving_reference,reset_heavy,9,50,0.22,-8.552269638530412,0.00019310632026631365
exp_boundary_fragility_interaction,standard_surface,fragile_boundary_a,reference,3,1,0.34,-6.53541228866811,0.001451130619692648
exp_boundary_fragility_interaction,standard_surface,fragile_boundary_a,reference,3,5,0.34,-6.889488629403612,0.0010184345053182466
exp_boundary_fragility_interaction,standard_surface,fragile_boundary_a,reference,3,20,0.34,-7.194473388849988,0.0007507233205088904
exp_boundary_fragility_interaction,standard_surface,fragile_boundary_a,reference,3,50,0.34,-7.396057349862302,0.0006136674739684061
exp_boundary_fragility_interaction,standard_surface,fragile_boundary_a,reference,5,1,0.34,-7.0462379124341,0.0008706783718155888
exp_boundary_fragility_interaction,standard_surface,fragile_boundary_a,reference,5,5,0.34,-7.4003142531696025,0.000611060703190948
exp_boundary_fragility_interaction,standard_surface,fragile_boundary_a,reference,5,20,0.34,-7.705299012615979,0.00045043399230533423
exp_boundary_fragility_interaction,standard_surface,fragile_boundary_a,reference,5,50,0.34,-7.906882973628292,0.0003682004843810437
exp_boundary_fragility_interaction,standard_surface,fragile_boundary_a,reference,7,1,0.34,-7.382710149055313,0.0006219131227254206
exp_boundary_fragility_interaction,standard_surface,fragile_boundary_a,reference,7,5,0.34,-7.736786489790815,0.00043647193085067715
exp_boundary_fragility_interaction,standard_surface,fragile_boundary_a,reference,7,20,0.34,-8.041771249237192,0.0003217385659323816
exp_boundary_fragility_interaction,standard_surface,fragile_boundary_a,reference,7,50,0.34,-8.243355210249504,0.0002630003459864598
exp_boundary_fragility_interaction,standard_surface,fragile_boundary_a,reference,9,1,0.34,-7.634024577336219,0.000483710206564216
exp_boundary_fragility_interaction,standard_surface,fragile_boundary_a,reference,9,5,0.34,-7.988100918071721,0.00033947816843941556
exp_boundary_fragility_interaction,standard_surface,fragile_boundary_a,reference,9,20,0.34,-8.293085677518098,0.0002502411068362968
exp_boundary_fragility_interaction,standard_surface,fragile_boundary_a,reference,9,50,0.34,-8.49466963853041,0.00020455582465613538
exp_boundary_fragility_interaction,standard_surface,fragile_boundary_a,time_order_shift,3,1,0.4,-6.5066122886681095,0.0014935308136722078
exp_boundary_fragility_interaction,standard_surface,fragile_boundary_a,time_order_shift,3,5,0.4,-6.860688629403612,0.0010481918682978223
exp_boundary_fragility_interaction,standard_surface,fragile_boundary_a,time_order_shift,3,20,0.4,-7.165673388849988,0.0007726585026231635
exp_boundary_fragility_interaction,standard_surface,fragile_boundary_a,time_order_shift,3,50,0.4,-7.367257349862301,0.0006315980582880437
exp_boundary_fragility_interaction,standard_surface,fragile_boundary_a,time_order_shift,5,1,0.4,-7.0174379124341,0.0008961184882033248
exp_boundary_fragility_interaction,standard_surface,fragile_boundary_a,time_order_shift,5,5,0.4,-7.371514253169602,0.0006289151209786933
exp_boundary_fragility_interaction,standard_surface,fragile_boundary_a,time_order_shift,5,20,0.4,-7.676499012615978,0.00046359510157389813
exp_boundary_fragility_interaction,standard_surface,fragile_boundary_a,time_order_shift,5,50,0.4,-7.878082973628292,0.0003789588349728262
exp_boundary_fragility_interaction,standard_surface,fragile_boundary_a,time_order_shift,7,1,0.4,-7.353910149055313,0.0006400846344309462
exp_boundary_fragility_interaction,standard_surface,fragile_boundary_a,time_order_shift,7,5,0.4,-7.707986489790815,0.00044922508641335237
exp_boundary_fragility_interaction,standard_surface,fragile_boundary_a,time_order_shift,7,20,0.4,-8.012971249237191,0.0003311393582670701
exp_boundary_fragility_interaction,standard_surface,fragile_boundary_a,time_order_shift,7,50,0.4,-8.214555210249504,0.0002706848821234473
exp_boundary_fragility_interaction,standard_surface,fragile_boundary_a,time_order_shift,9,1,0.4,-7.605224577336219,0.0004978436045574026
exp_boundary_fragility_interaction,standard_surface,fragile_boundary_a,time_order_shift,9,5,0.4,-7.959300918071721,0.0003493972894326074
exp_boundary_fragility_interaction,standard_surface,fragile_boundary_a,time_order_shift,9,20,0.4,-8.264285677518098,0.0002575528342077212
exp_boundary_fragility_interaction,standard_surface,fragile_boundary_a,time_order_shift,9,50,0.4,-8.46586963853041,0.00021053268609601457
exp_boundary_fragility_interaction,standard_surface,fragile_boundary_a,reset_heavy,3,1,0.46,-6.47781228866811,0.001537169887477681
exp_boundary_fragility_interaction,standard_surface,fragile_boundary_a,reset_heavy,3,5,0.46,-6.831888629403612,0.001078818703636075
exp_boundary_fragility_interaction,standard_surface,fragile_boundary_a,reset_heavy,3,20,0.46,-7.136873388849988,0.0007952346029042783
exp_boundary_fragility_interaction,standard_surface,fragile_boundary_a,reset_heavy,3,50,0.46,-7.338457349862302,0.0006500525515122288
exp_boundary_fragility_interaction,standard_surface,fragile_boundary_a,reset_heavy,5,1,0.46,-6.9886379124341005,0.0009223019324866086
exp_boundary_fragility_interaction,standard_surface,fragile_boundary_a,reset_heavy,5,5,0.46,-7.342714253169603,0.0006472912221816451
exp_boundary_fragility_interaction,standard_surface,fragile_boundary_a,reset_heavy,5,20,0.46,-7.647699012615979,0.00047714076174256695
exp_boundary_fragility_interaction,standard_surface,fragile_boundary_a,reset_heavy,5,50,0.46,-7.849282973628292,0.0003900315309073373
exp_boundary_fragility_interaction,standard_surface,fragile_boundary_a,reset_heavy,7,1,0.46,-7.325110149055313,0.0006587870946332919
exp_boundary_fragility_interaction,standard_surface,fragile_boundary_a,reset_heavy,7,5,0.46,-7.6791864897908155,0.0004623508729868893
exp_boundary_fragility_interaction,standard_surface,fragile_boundary_a,reset_heavy,7,20,0.46,-7.984171249237192,0.00034081482981611924
exp_boundary_fragility_interaction,standard_surface,fragile_boundary_a,reset_heavy,7,50,0.46,-8.185755210249505,0.00027859395064809805
exp_boundary_fragility_interaction,standard_surface,fragile_boundary_a,reset_heavy,9,1,0.46,-7.576424577336219,0.0005123899624925603
exp_boundary_fragility_interaction,standard_surface,fragile_boundary_a,reset_heavy,9,5,0.46,-7.930500918071721,0.00035960623454535834
exp_boundary_fragility_interaction,standard_surface,fragile_boundary_a,reset_heavy,9,20,0.46,-8.235485677518097,0.0002650782009680928
exp_boundary_fragility_interaction,standard_surface,fragile_boundary_a,reset_heavy,9,50,0.46,-8.437069638530412,0.0002166841838374096
exp_boundary_fragility_interaction,standard_surface,fragile_boundary_b,reference,3,1,0.56,-6.42981228866811,0.0016127535381900012
exp_boundary_fragility_interaction,standard_surface,fragile_boundary_b,reference,3,5,0.56,-6.783888629403612,0.0011318649262701567
exp_boundary_fragility_interaction,standard_surface,fragile_boundary_b,reference,3,20,0.56,-7.088873388849988,0.0008343368094657767
exp_boundary_fragility_interaction,standard_surface,fragile_boundary_b,reference,3,50,0.56,-7.290457349862302,0.0006820160614654292
exp_boundary_fragility_interaction,standard_surface,fragile_boundary_b,reference,5,1,0.56,-6.9406379124341,0.0009676521229140008
exp_boundary_fragility_interaction,standard_surface,fragile_boundary_b,reference,5,5,0.56,-7.2947142531696025,0.0006791189557620941
exp_boundary_fragility_interaction,standard_surface,fragile_boundary_b,reference,5,20,0.56,-7.599699012615979,0.0005006020856794661
exp_boundary_fragility_interaction,standard_surface,fragile_boundary_b,reference,5,50,0.56,-7.801282973628292,0.00040920963687925756
exp_boundary_fragility_interaction,standard_surface,fragile_boundary_b,reference,7,1,0.56,-7.277110149055313,0.0006911800877957148
exp_boundary_fragility_interaction,standard_surface,fragile_boundary_b,reference,7,5,0.56,-7.6311864897908155,0.00048508496840149576
exp_boundary_fragility_interaction,standard_surface,fragile_boundary_b,reference,7,20,0.56,-7.936171249237192,0.00035757291834247575
exp_boundary_fragility_interaction,standard_surface,fragile_boundary_b,reference,7,50,0.56,-8.137755210249505,0.00029229259777089825
exp_boundary_fragility_interaction,standard_surface,fragile_boundary_b,reference,9,1,0.56,-7.528424577336219,0.0005375845127300004
exp_boundary_fragility_interaction,standard_surface,fragile_boundary_b,reference,9,5,0.56,-7.882500918071721,0.0003772883087567189
exp_boundary_fragility_interaction,standard_surface,fragile_boundary_b,reference,9,20,0.56,-8.187485677518097,0.00027811226982192555
exp_boundary_fragility_interaction,standard_surface,fragile_boundary_b,reference,9,50,0.56,-8.389069638530412,0.0002273386871551431
exp_boundary_fragility_interaction,standard_surface,fragile_boundary_b,time_order_shift,3,1,0.6200000000000001,-6.40101228866811,0.0016598761486101169
exp_boundary_fragility_interaction,standard_surface,fragile_boundary_b,time_order_shift,3,5,0.6200000000000001,-6.755088629403612,0.0011649365821095735
exp_boundary_fragility_interaction,standard_surface,fragile_boundary_b,time_order_shift,3,20,0.6200000000000001,-7.060073388849988,0.0008587150715502256
exp_boundary_fragility_interaction,standard_surface,fragile_boundary_b,time_order_shift,3,50,0.6200000000000001,-7.261657349862301,0.0007019437047188219
exp_boundary_fragility_interaction,standard_surface,fragile_boundary_b,time_order_shift,5,1,0.6200000000000001,-6.9118379124341,0.00099592568916607
exp_boundary_fragility_interaction,standard_surface,fragile_boundary_b,time_order_shift,5,5,0.6200000000000001,-7.265914253169602,0.000698961949265744
exp_boundary_fragility_interaction,standard_surface,fragile_boundary_b,time_order_shift,5,20,0.6200000000000001,-7.570899012615978,0.0005152290429301353
exp_boundary_fragility_interaction,standard_surface,fragile_boundary_b,time_order_shift,5,50,0.6200000000000001,-7.772482973628292,0.0004211662228312932
exp_boundary_fragility_interaction,standard_surface,fragile_boundary_b,time_order_shift,7,1,0.6200000000000001,-7.248310149055313,0.0007113754922614786
exp_boundary_fragility_interaction,standard_surface,fragile_boundary_b,time_order_shift,7,5,0.6200000000000001,-7.602386489790815,0.0004992585351898172
exp_boundary_fragility_interaction,standard_surface,fragile_boundary_b,time_order_shift,7,20,0.6200000000000001,-7.907371249237191,0.00036802074495009666
exp_boundary_fragility_interaction,standard_surface,fragile_boundary_b,time_order_shift,7,50,0.6200000000000001,-8.108955210249505,0.0003008330163080665
exp_boundary_fragility_interaction,standard_surface,fragile_boundary_b,time_order_shift,9,1,0.6200000000000001,-7.499624577336219,0.0005532920495367056
exp_boundary_fragility_interaction,standard_surface,fragile_boundary_b,time_order_shift,9,5,0.6200000000000001,-7.853700918071721,0.0003883121940365245
exp_boundary_fragility_interaction,standard_surface,fragile_boundary_b,time_order_shift,9,20,0.6200000000000001,-8.158685677518097,0.0002862383571834085
exp_boundary_fragility_interaction,standard_surface,fragile_boundary_b,time_order_shift,9,50,0.6200000000000001,-8.360269638530411,0.00023398123490627398
exp_boundary_fragility_interaction,standard_surface,fragile_boundary_b,reset_heavy,3,1,0.68,-6.37221228866811,0.0017083756218677466
exp_boundary_fragility_interaction,standard_surface,fragile_boundary_b,reset_heavy,3,5,0.68,-6.726288629403611,0.001198974549736356
exp_boundary_fragility_interaction,standard_surface,fragile_boundary_b,reset_heavy,3,20,0.68,-7.031273388849988,0.0008838056354958831
exp_boundary_fragility_interaction,standard_surface,fragile_boundary_b,reset_heavy,3,50,0.68,-7.2328573498623,0.0007224536084028285
exp_boundary_fragility_interaction,standard_surface,fragile_boundary_b,reset_heavy,5,1,0.68,-6.883037912434101,0.001025025373120648
exp_boundary_fragility_interaction,standard_surface,fragile_boundary_b,reset_heavy,5,5,0.68,-7.237114253169602,0.0007193847298418136
exp_boundary_fragility_interaction,standard_surface,fragile_boundary_b,reset_heavy,5,20,0.68,-7.542099012615979,0.0005302833812975299
exp_boundary_fragility_interaction,standard_surface,fragile_boundary_b,reset_heavy,5,50,0.68,-7.7436829736282915,0.00043347216504169706
exp_boundary_fragility_interaction,standard_surface,fragile_boundary_b,reset_heavy,7,1,0.68,-7.2195101490553135,0.0007321609808004628
exp_boundary_fragility_interaction,standard_surface,fragile_boundary_b,reset_heavy,7,5,0.68,-7.573586489790815,0.0005138462356012954
exp_boundary_fragility_interaction,standard_surface,fragile_boundary_b,reset_heavy,7,20,0.68,-7.878571249237192,0.00037877384378394994
exp_boundary_fragility_interaction,standard_surface,fragile_boundary_b,reset_heavy,7,50,0.68,-8.080155210249504,0.00030962297502978365
exp_boundary_fragility_interaction,standard_surface,fragile_boundary_b,reset_heavy,9,1,0.68,-7.470824577336219,0.0005694585406225822
exp_boundary_fragility_interaction,standard_surface,fragile_boundary_b,reset_heavy,9,5,0.68,-7.82490091807172,0.000399658183245452
exp_boundary_fragility_interaction,standard_surface,fragile_boundary_b,reset_heavy,9,20,0.68,-8.129885677518098,0.0002946018784986277
exp_boundary_fragility_interaction,standard_surface,fragile_boundary_b,reset_heavy,9,50,0.68,-8.331469638530411,0.0002408178694676095
exp_boundary_fragility_interaction,xzzx,bias_preserving_reference,reference,3,1,0.1,-6.79261228866811,0.0011220338660766634
exp_boundary_fragility_interaction,xzzx,bias_preserving_reference,reference,3,5,0.1,-7.323726799771362,0.0006596990579253807
exp_boundary_fragility_interaction,xzzx,bias_preserving_reference,reference,3,20,0.1,-7.781203938940927,0.00041750921630251576
exp_boundary_fragility_interaction,xzzx,bias_preserving_reference,reference,3,50,0.1,-8.083579880459398,0.0003085644320657593
exp_boundary_fragility_interaction,xzzx,bias_preserving_reference,reference,5,1,0.1,-7.3034379124341005,0.0006732203196459981
exp_boundary_fragility_interaction,xzzx,bias_preserving_reference,reference,5,5,0.1,-7.834552423537353,0.0003958194347552284
exp_boundary_fragility_interaction,xzzx,bias_preserving_reference,reference,5,20,0.1,-8.292029562706917,0.00025050552978150945
exp_boundary_fragility_interaction,xzzx,bias_preserving_reference,reference,5,50,0.1,-8.594405504225389,0.00018513865923945556
exp_boundary_fragility_interaction,xzzx,bias_preserving_reference,reference,7,1,0.1,-7.639910149055313,0.0004808716568899986
exp_boundary_fragility_interaction,xzzx,bias_preserving_reference,reference,7,5,0.1,-8.171024660158565,0.00028272816768230597
exp_boundary_fragility_interaction,xzzx,bias_preserving_reference,reference,7,20,0.1,-8.62850179932813,0.00017893252127250677
exp_boundary_fragility_interaction,xzzx,bias_preserving_reference,reference,7,50,0.1,-8.9308777408466,0.000132241899456754
exp_boundary_fragility_interaction,xzzx,bias_preserving_reference,reference,9,1,0.1,-7.891224577336219,0.00037401128869222116
exp_boundary_fragility_interaction,xzzx,bias_preserving_reference,reference,9,5,0.1,-8.422339088439472,0.00021989968597512687
exp_boundary_fragility_interaction,xzzx,bias_preserving_reference,reference,9,20,0.1,-8.879816227609037,0.00013916973876750525
exp_boundary_fragility_interaction,xzzx,bias_preserving_reference,reference,9,50,0.1,-9.182192169127507,0.00010285481068858643
exp_boundary_fragility_interaction,xzzx,bias_preserving_reference,time_order_shift,3,1,0.16,-6.72901228866811,0.0011957133947495889
exp_boundary_fragility_interaction,xzzx,bias_preserving_reference,time_order_shift,3,5,0.16,-7.2601267997713625,0.0007030188873204355
exp_boundary_fragility_interaction,xzzx,bias_preserving_reference,time_order_shift,3,20,0.16,-7.717603938940926,0.00044492539615574524
exp_boundary_fragility_interaction,xzzx,bias_preserving_reference,time_order_shift,3,50,0.16,-8.019979880459397,0.0003288266385883926
exp_boundary_fragility_interaction,xzzx,bias_preserving_reference,time_order_shift,5,1,0.16,-7.2398379124341,0.0007174280368497534
exp_boundary_fragility_interaction,xzzx,bias_preserving_reference,time_order_shift,5,5,0.16,-7.770952423537353,0.00042181133239226125
exp_boundary_fragility_interaction,xzzx,bias_preserving_reference,time_order_shift,5,20,0.16,-8.228429562706916,0.00026695523769344715
exp_boundary_fragility_interaction,xzzx,bias_preserving_reference,time_order_shift,5,50,0.16,-8.530805504225388,0.00019729598315303557
exp_boundary_fragility_interaction,xzzx,bias_preserving_reference,time_order_shift,7,1,0.16,-7.576310149055313,0.0005124485977498238
exp_boundary_fragility_interaction,xzzx,bias_preserving_reference,time_order_shift,7,5,0.16,-8.107424660158566,0.0003012938088516152
exp_boundary_fragility_interaction,xzzx,bias_preserving_reference,time_order_shift,7,20,0.16,-8.56490179932813,0.00019068231263817654
exp_boundary_fragility_interaction,xzzx,bias_preserving_reference,time_order_shift,7,50,0.16,-8.867277740846601,0.00014092570225216825
exp_boundary_fragility_interaction,xzzx,bias_preserving_reference,time_order_shift,9,1,0.16,-7.827624577336219,0.0003985711315831963
exp_boundary_fragility_interaction,xzzx,bias_preserving_reference,time_order_shift,9,5,0.16,-8.358739088439473,0.0002343396291068118
exp_boundary_fragility_interaction,xzzx,bias_preserving_reference,time_order_shift,9,20,0.16,-8.816216227609036,0.00014830846538524842
exp_boundary_fragility_interaction,xzzx,bias_preserving_reference,time_order_shift,9,50,0.16,-9.118592169127508,0.0001096088795294642
exp_boundary_fragility_interaction,xzzx,bias_preserving_reference,reset_heavy,3,1,0.22,-6.66541228866811,0.001274231166821037
exp_boundary_fragility_interaction,xzzx,bias_preserving_reference,reset_heavy,3,5,0.22,-7.1965267997713624,0.000749183358671958
exp_boundary_fragility_interaction,xzzx,bias_preserving_reference,reset_heavy,3,20,0.22,-7.654003938940927,0.0004741418881659156
exp_boundary_fragility_interaction,xzzx,bias_preserving_reference,reset_heavy,3,50,0.22,-7.956379880459398,0.0003504193841184458
exp_boundary_fragility_interaction,xzzx,bias_preserving_reference,reset_heavy,5,1,0.22,-7.1762379124341,0.0007645387000926223
exp_boundary_fragility_interaction,xzzx,bias_preserving_reference,reset_heavy,5,5,0.22,-7.707352423537353,0.00044951001520317474
exp_boundary_fragility_interaction,xzzx,bias_preserving_reference,reset_heavy,5,20,0.22,-8.164829562706917,0.0002844851328995494
exp_boundary_fragility_interaction,xzzx,bias_preserving_reference,reset_heavy,5,50,0.22,-8.467205504225388,0.00021025163047106747
exp_boundary_fragility_interaction,xzzx,bias_preserving_reference,reset_heavy,7,1,0.22,-7.512710149055313,0.0005460990714947301
exp_boundary_fragility_interaction,xzzx,bias_preserving_reference,reset_heavy,7,5,0.22,-8.043824660158565,0.00032107858228798197
exp_boundary_fragility_interaction,xzzx,bias_preserving_reference,reset_heavy,7,20,0.22,-8.50130179932813,0.00020320366635682099
exp_boundary_fragility_interaction,xzzx,bias_preserving_reference,reset_heavy,7,50,0.22,-8.8036777408466,0.00015017973605076248
exp_boundary_fragility_interaction,xzzx,bias_preserving_reference,reset_heavy,9,1,0.22,-7.764024577336219,0.000424743722273679
exp_boundary_fragility_interaction,xzzx,bias_preserving_reference,reset_heavy,9,5,0.22,-8.295139088439472,0.00024972778622398597
exp_boundary_fragility_interaction,xzzx,bias_preserving_reference,reset_heavy,9,20,0.22,-8.752616227609037,0.00015804729605530522
exp_boundary_fragility_interaction,xzzx,bias_preserving_reference,reset_heavy,9,50,0.22,-9.054992169127507,0.00011680646137281526
exp_boundary_fragility_interaction,xzzx,fragile_boundary_a,reference,3,1,0.34,-6.53821228866811,0.0014470731370840482
exp_boundary_fragility_interaction,xzzx,fragile_boundary_a,reference,3,5,0.34,-7.069326799771363,0.0008508056789956515
exp_boundary_fragility_interaction,xzzx,fragile_boundary_a,reference,3,20,0.34,-7.526803938940928,0.0005384564491880532
exp_boundary_fragility_interaction,xzzx,fragile_boundary_a,reference,3,50,0.34,-7.829179880459399,0.0003979517144729815
exp_boundary_fragility_interaction,xzzx,fragile_boundary_a,reference,5,1,0.34,-7.049037912434101,0.000868243882250429
exp_boundary_fragility_interaction,xzzx,fragile_boundary_a,reference,5,5,0.34,-7.580152423537354,0.0005104834073973909
exp_boundary_fragility_interaction,xzzx,fragile_boundary_a,reference,5,20,0.34,-8.037629562706918,0.0003230738695128319
exp_boundary_fragility_interaction,xzzx,fragile_boundary_a,reference,5,50,0.34,-8.340005504225388,0.00023877102868378889
exp_boundary_fragility_interaction,xzzx,fragile_boundary_a,reference,7,1,0.34,-7.385510149055314,0.0006201742016074492
exp_boundary_fragility_interaction,xzzx,fragile_boundary_a,reference,7,5,0.34,-7.916624660158567,0.0003646310052838507
exp_boundary_fragility_interaction,xzzx,fragile_boundary_a,reference,7,20,0.34,-8.37410179932813,0.00023076704965202278
exp_boundary_fragility_interaction,xzzx,fragile_boundary_a,reference,7,50,0.34,-8.676477740846602,0.00017055073477413493
exp_boundary_fragility_interaction,xzzx,fragile_boundary_a,reference,9,1,0.34,-7.6368245773362196,0.0004823577123613494
exp_boundary_fragility_interaction,xzzx,fragile_boundary_a,reference,9,5,0.34,-8.167939088439473,0.0002836018929985505
exp_boundary_fragility_interaction,xzzx,fragile_boundary_a,reference,9,20,0.34,-8.625416227609037,0.0001794854830626844
exp_boundary_fragility_interaction,xzzx,fragile_boundary_a,reference,9,50,0.34,-8.927792169127509,0.00013265057149099382
exp_boundary_fragility_interaction,xzzx,fragile_boundary_a,time_order_shift,3,1,0.4,-6.4746122886681094,0.0015420967098291518
exp_boundary_fragility_interaction,xzzx,fragile_boundary_a,time_order_shift,3,5,0.4,-7.005726799771362,0.0009066747247668292
exp_boundary_fragility_interaction,xzzx,fragile_boundary_a,time_order_shift,3,20,0.4,-7.463203938940927,0.000573814755729901
exp_boundary_fragility_interaction,xzzx,fragile_boundary_a,time_order_shift,3,50,0.4,-7.765579880459398,0.00042408363049034424
exp_boundary_fragility_interaction,xzzx,fragile_boundary_a,time_order_shift,5,1,0.4,-6.9854379124341,0.0009252580258974911
exp_boundary_fragility_interaction,xzzx,fragile_boundary_a,time_order_shift,5,5,0.4,-7.516552423537353,0.0005440048348600976
exp_boundary_fragility_interaction,xzzx,fragile_boundary_a,time_order_shift,5,20,0.4,-7.974029562706917,0.0003442888534379406
exp_boundary_fragility_interaction,xzzx,fragile_boundary_a,time_order_shift,5,50,0.4,-8.276405504225387,0.0002544501782942066
exp_boundary_fragility_interaction,xzzx,fragile_boundary_a,time_order_shift,7,1,0.4,-7.321910149055313,0.0006608985899267793
exp_boundary_fragility_interaction,xzzx,fragile_boundary_a,time_order_shift,7,5,0.4,-7.853024660158566,0.00038857488204292685
exp_boundary_fragility_interaction,xzzx,fragile_boundary_a,time_order_shift,7,20,0.4,-8.31050179932813,0.000245920609598529
exp_boundary_fragility_interaction,xzzx,fragile_boundary_a,time_order_shift,7,50,0.4,-8.612877740846601,0.0001817501273530047
exp_boundary_fragility_interaction,xzzx,fragile_boundary_a,time_order_shift,9,1,0.4,-7.573224577336219,0.0005140322366097173
exp_boundary_fragility_interaction,xzzx,fragile_boundary_a,time_order_shift,9,5,0.4,-8.104339088439472,0.00030222490825560974
exp_boundary_fragility_interaction,xzzx,fragile_boundary_a,time_order_shift,9,20,0.4,-8.561816227609036,0.00019127158524330035
exp_boundary_fragility_interaction,xzzx,fragile_boundary_a,time_order_shift,9,50,0.4,-8.864192169127508,0.0001413612101634481
exp_boundary_fragility_interaction,xzzx,fragile_boundary_a,reset_heavy,3,1,0.46,-6.41101228866811,0.0016433601049756542
exp_boundary_fragility_interaction,xzzx,fragile_boundary_a,reset_heavy,3,5,0.46,-6.942126799771363,0.0009662124699278199
exp_boundary_fragility_interaction,xzzx,fragile_boundary_a,reset_heavy,3,20,0.46,-7.399603938940928,0.0006114949024937239
exp_boundary_fragility_interaction,xzzx,fragile_boundary_a,reset_heavy,3,50,0.46,-7.701979880459398,0.00045193152613514135
exp_boundary_fragility_interaction,xzzx,fragile_boundary_a,reset_heavy,5,1,0.46,-6.921837912434101,0.0009860160629853927
exp_boundary_fragility_interaction,xzzx,fragile_boundary_a,reset_heavy,5,5,0.46,-7.452952423537353,0.0005797274819566919
exp_boundary_fragility_interaction,xzzx,fragile_boundary_a,reset_heavy,5,20,0.46,-7.910429562706918,0.0003668969414962344
exp_boundary_fragility_interaction,xzzx,fragile_boundary_a,reset_heavy,5,50,0.46,-8.212805504225388,0.0002711589156810848
exp_boundary_fragility_interaction,xzzx,fragile_boundary_a,reset_heavy,7,1,0.46,-7.258310149055314,0.000704297187846709
exp_boundary_fragility_interaction,xzzx,fragile_boundary_a,reset_heavy,7,5,0.46,-7.789424660158566,0.00041409105854049423
exp_boundary_fragility_interaction,xzzx,fragile_boundary_a,reset_heavy,7,20,0.46,-8.24690179932813,0.0002620692439258817
exp_boundary_fragility_interaction,xzzx,fragile_boundary_a,reset_heavy,7,50,0.46,-8.549277740846602,0.00019368493977220343
exp_boundary_fragility_interaction,xzzx,fragile_boundary_a,reset_heavy,9,1,0.46,-7.509624577336219,0.0005477867016585514
exp_boundary_fragility_interaction,xzzx,fragile_boundary_a,reset_heavy,9,5,0.46,-8.040739088439473,0.0003220708233092733
exp_boundary_fragility_interaction,xzzx,fragile_boundary_a,reset_heavy,9,20,0.46,-8.498216227609037,0.00020383163416457466
exp_boundary_fragility_interaction,xzzx,fragile_boundary_a,reset_heavy,9,50,0.46,-8.800592169127508,0.0001506438420450471
exp_boundary_fragility_interaction,xzzx,fragile_boundary_b,reference,3,1,0.56,-6.30501228866811,0.0018271237156900013
exp_boundary_fragility_interaction,xzzx,fragile_boundary_b,reference,3,5,0.56,-6.836126799771363,0.0010742561614191586
exp_boundary_fragility_interaction,xzzx,fragile_boundary_b,reference,3,20,0.56,-7.293603938940928,0.0006798734099647502
exp_boundary_fragility_interaction,xzzx,fragile_boundary_b,reference,3,50,0.56,-7.5959798804593985,0.0005024673574400331
exp_boundary_fragility_interaction,xzzx,fragile_boundary_b,reference,5,1,0.56,-6.815837912434101,0.0010962742294140008
exp_boundary_fragility_interaction,xzzx,fragile_boundary_b,reference,5,5,0.56,-7.346952423537354,0.0006445536968514951
exp_boundary_fragility_interaction,xzzx,fragile_boundary_b,reference,5,20,0.56,-7.804429562706918,0.0004079240459788501
exp_boundary_fragility_interaction,xzzx,fragile_boundary_b,reference,5,50,0.56,-8.106805504225388,0.0003014804144640199
exp_boundary_fragility_interaction,xzzx,fragile_boundary_b,reference,7,1,0.56,-7.152310149055314,0.0007830530210100006
exp_boundary_fragility_interaction,xzzx,fragile_boundary_b,reference,7,5,0.56,-7.6834246601585665,0.00046039549775106796
exp_boundary_fragility_interaction,xzzx,fragile_boundary_b,reference,7,20,0.56,-8.14090179932813,0.0002913743185563215
exp_boundary_fragility_interaction,xzzx,fragile_boundary_b,reference,7,50,0.56,-8.443277740846602,0.0002153431531885856
exp_boundary_fragility_interaction,xzzx,fragile_boundary_b,reference,9,1,0.56,-7.4036245773362195,0.0006090412385633339
exp_boundary_fragility_interaction,xzzx,fragile_boundary_b,reference,9,5,0.56,-7.934739088439472,0.00035808538713971954
exp_boundary_fragility_interaction,xzzx,fragile_boundary_b,reference,9,20,0.56,-8.392216227609037,0.00022662446998825006
exp_boundary_fragility_interaction,xzzx,fragile_boundary_b,reference,9,50,0.56,-8.694592169127509,0.0001674891191466777
exp_boundary_fragility_interaction,xzzx,fragile_boundary_b,time_order_shift,3,1,0.6200000000000001,-6.241412288668109,0.0019471037076218736
exp_boundary_fragility_interaction,xzzx,fragile_boundary_b,time_order_shift,3,5,0.6200000000000001,-6.772526799771362,0.0011447983170887654
exp_boundary_fragility_interaction,xzzx,fragile_boundary_b,time_order_shift,3,20,0.6200000000000001,-7.230003938940926,0.0007245180093105916
exp_boundary_fragility_interaction,xzzx,fragile_boundary_b,time_order_shift,3,50,0.6200000000000001,-7.5323798804593975,0.0005354624025888601
exp_boundary_fragility_interaction,xzzx,fragile_boundary_b,time_order_shift,5,1,0.6200000000000001,-6.7522379124341,0.0011682622245731242
exp_boundary_fragility_interaction,xzzx,fragile_boundary_b,time_order_shift,5,5,0.6200000000000001,-7.283352423537353,0.0006868789902532592
exp_boundary_fragility_interaction,xzzx,fragile_boundary_b,time_order_shift,5,20,0.6200000000000001,-7.740829562706917,0.00043471080558635494
exp_boundary_fragility_interaction,xzzx,fragile_boundary_b,time_order_shift,5,50,0.6200000000000001,-8.043205504225387,0.0003212774415533161
exp_boundary_fragility_interaction,xzzx,fragile_boundary_b,time_order_shift,7,1,0.6200000000000001,-7.088710149055313,0.0008344730175522316
exp_boundary_fragility_interaction,xzzx,fragile_boundary_b,time_order_shift,7,5,0.6200000000000001,-7.6198246601585655,0.0004906278501808994
exp_boundary_fragility_interaction,xzzx,fragile_boundary_b,time_order_shift,7,20,0.6200000000000001,-8.07730179932813,0.00031050771827596785
exp_boundary_fragility_interaction,xzzx,fragile_boundary_b,time_order_shift,7,50,0.6200000000000001,-8.379677740846601,0.00022948388682379723
exp_boundary_fragility_interaction,xzzx,fragile_boundary_b,time_order_shift,9,1,0.6200000000000001,-7.3400245773362185,0.0006490345692072912
exp_boundary_fragility_interaction,xzzx,fragile_boundary_b,time_order_shift,9,5,0.6200000000000001,-7.871139088439471,0.00038159943902958844
exp_boundary_fragility_interaction,xzzx,fragile_boundary_b,time_order_shift,9,20,0.6200000000000001,-8.328616227609036,0.00024150600310353054
exp_boundary_fragility_interaction,xzzx,fragile_boundary_b,time_order_shift,9,50,0.6200000000000001,-8.630992169127508,0.00017848746752962007
exp_boundary_fragility_interaction,xzzx,fragile_boundary_b,reset_heavy,3,1,0.68,-6.17781228866811,0.002074962311352361
exp_boundary_fragility_interaction,xzzx,fragile_boundary_b,reset_heavy,3,5,0.68,-6.708926799771362,0.0012199726972735568
exp_boundary_fragility_interaction,xzzx,fragile_boundary_b,reset_heavy,3,20,0.68,-7.1664039389409275,0.000772094243018855
exp_boundary_fragility_interaction,xzzx,fragile_boundary_b,reset_heavy,3,50,0.68,-7.4687798804593974,0.0005706241019257711
exp_boundary_fragility_interaction,xzzx,fragile_boundary_b,reset_heavy,5,1,0.68,-6.688637912434101,0.0012449773868114166
exp_boundary_fragility_interaction,xzzx,fragile_boundary_b,reset_heavy,5,5,0.68,-7.2197524235373525,0.0007319836183641341
exp_boundary_fragility_interaction,xzzx,fragile_boundary_b,reset_heavy,5,20,0.68,-7.677229562706918,0.000463256545811313
exp_boundary_fragility_interaction,xzzx,fragile_boundary_b,reset_heavy,5,50,0.68,-7.979605504225388,0.00034237446115546267
exp_boundary_fragility_interaction,xzzx,fragile_boundary_b,reset_heavy,7,1,0.68,-7.025110149055314,0.0008892695620081548
exp_boundary_fragility_interaction,xzzx,fragile_boundary_b,reset_heavy,7,5,0.68,-7.556224660158565,0.0005228454416886672
exp_boundary_fragility_interaction,xzzx,fragile_boundary_b,reset_heavy,7,20,0.68,-8.01370179932813,0.0003308975327223664
exp_boundary_fragility_interaction,xzzx,fragile_boundary_b,reset_heavy,7,50,0.68,-8.3160777408466,0.00024455318653961617
exp_boundary_fragility_interaction,xzzx,fragile_boundary_b,reset_heavy,9,1,0.68,-7.276424577336219,0.0006916541037841204
exp_boundary_fragility_interaction,xzzx,fragile_boundary_b,reset_heavy,9,5,0.68,-7.807539088439471,0.00040665756575785223
exp_boundary_fragility_interaction,xzzx,fragile_boundary_b,reset_heavy,9,20,0.68,-8.265016227609037,0.00025736474767295165
exp_boundary_fragility_interaction,xzzx,fragile_boundary_b,reset_heavy,9,50,0.68,-8.567392169127507,0.00019020803397525705
